Variable,Coef
X1,4.044252059614571
X3,1.9992875213509114
X5,1.524287428615746
X6,0.5160876120563485
X7,0.16961468866250984
X10,-0.008712267289728827
