Variable,Ij
X9,3.8462762099718057
X8,3.5652159115576
X4,2.066414516397039
X2,3.5593656804715397
