RMSE,R2,Durbin-Watson
0.9836411708786731,0.9633893944171673,1.6644951505456536
