RMSE,R2,Durbin-Watson
3.7083904850329956,-13.984677209553656,2.056455571803359
